"Indicator","Value"
"Grid cells in corridor (1 km)","4895"
"Cells lit in either period","1748"
"Cells lit before (2013)","1167"
"Cells lit after (2020-21)","1666"
"Newly lit cells (dark in 2013, lit after)","581"
"Cells that went dark (lit in 2013, dark after)","82"
"Sum of lights before (nW/cm2/sr)","846.7"
"Sum of lights after (nW/cm2/sr)","1588.7"
"Change in sum of lights (%)","87.6"
"Mean radiance per cell, before","0.173"
"Mean radiance per cell, after","0.325"
"Model: average change in (1 + NTL), %","8.55"
"Model: 95% credible interval, %","8.53 to 8.56"
"Cells with likely gain (P > 0.95)","1494"
"Cells with no clear change","3226"
"Cells with likely decline (P < 0.05)","175"
"Hyperparameter: Precision for the Gaussian observations","61310 (21690 to 135700)"
"Hyperparameter: Precision for id","21.21 (20.39 to 22.08)"
"Hyperparameter: Phi for id","1 (1 to 1)"
